{"cameraMode":{"drawMode":0,"name":"Shaded","section":"Shading Mode"},"sceneLighting":true,"audioPlay":false,"sceneViewState":{"showFog":true,"showMaterialUpdate":false,"showSkybox":true,"showFlares":true,"showImageEffects":true,"showParticleSystems":true},"in2DMode":false,"pivot":{"x":49.79999923706055,"y":-3.130000114440918,"z":-24.100000381469728},"rotation":{"x":-0.07213158905506134,"y":-0.9269768595695496,"z":0.23749835789203645,"w":-0.28155121207237246},"size":62.43601989746094,"orthographic":false}