{"cameraMode":{"drawMode":0,"name":"Shaded","section":"Shading Mode"},"sceneLighting":false,"audioPlay":false,"sceneViewState":{"showFog":true,"showMaterialUpdate":false,"showSkybox":false,"showFlares":true,"showImageEffects":true,"showParticleSystems":true},"in2DMode":false,"pivot":{"x":1.0076327323913575,"y":1.0944242477416993,"z":-0.21702075004577638},"rotation":{"x":0.02204788476228714,"y":-0.9445326924324036,"z":-0.06500139087438584,"w":-0.32130470871925356},"size":6.364668369293213,"orthographic":false}