{"cameraMode":{"drawMode":0,"name":"Shaded","section":"Shading Mode"},"sceneLighting":false,"audioPlay":false,"sceneViewState":{"showFog":true,"showMaterialUpdate":false,"showSkybox":false,"showFlares":true,"showImageEffects":true,"showParticleSystems":true},"in2DMode":false,"pivot":{"x":-1.164673089981079,"y":-0.03139615058898926,"z":-0.04171895980834961},"rotation":{"x":-0.13689473271369935,"y":0.11767589300870896,"z":-0.016422750428318979,"w":-0.9834824204444885},"size":2.3334522247314455,"orthographic":false}