{"cameraMode":{"drawMode":0,"name":"Shaded","section":"Shading Mode"},"sceneLighting":false,"audioPlay":false,"sceneViewState":{"showFog":true,"showMaterialUpdate":false,"showSkybox":false,"showFlares":true,"showImageEffects":true,"showParticleSystems":true},"in2DMode":false,"pivot":{"x":0.5192949771881104,"y":2.151172637939453,"z":-0.3869365453720093},"rotation":{"x":-0.024367211386561395,"y":-0.9379847645759583,"z":-0.06735947728157044,"w":0.33931776881217959},"size":6.574317455291748,"orthographic":false}