{"cameraMode":{"drawMode":0,"name":"Shaded","section":"Shading Mode"},"sceneLighting":true,"audioPlay":false,"sceneViewState":{"showFog":true,"showMaterialUpdate":false,"showSkybox":true,"showFlares":true,"showImageEffects":true,"showParticleSystems":true},"in2DMode":false,"pivot":{"x":96.5813980102539,"y":26.603897094726564,"z":17.340972900390626},"rotation":{"x":-0.25678426027297976,"y":-0.26489773392677309,"z":0.07334723323583603,"w":-0.9266513586044312},"size":254.8885955810547,"orthographic":false}