{"cameraMode":{"drawMode":0,"name":"Shaded","section":"Shading Mode"},"sceneLighting":false,"audioPlay":false,"sceneViewState":{"showFog":true,"showMaterialUpdate":false,"showSkybox":false,"showFlares":true,"showImageEffects":true,"showParticleSystems":true},"in2DMode":false,"pivot":{"x":0.44798851013183596,"y":0.1622018814086914,"z":-0.6523873805999756},"rotation":{"x":-0.30369696021080019,"y":-0.4951074719429016,"z":0.1899133175611496,"w":-0.7916154265403748},"size":6.364668369293213,"orthographic":false}